School Size,Average Math Score,Average Reading Score,% Passing Math,% Passing Reading,% Overall Passing
Small (<1000),83.82159776422071,83.92984341754834,93.55022469776569,96.09943667320715,89.88385340844357
Medium (1000-2000),83.37468376981991,83.86443831725629,93.59969459404036,96.7906800028675,90.62153518649967
Large (2000-5000),77.746416511437,81.34449272598371,69.96336073939453,82.7666344526415,58.286003049067894
