Spending Ranges (Per Student),Average Math Score,Average Reading Score,% Passing Math,% Passing Reading,% Overall Passing
<$585,83.45539900855027,83.93381405396646,93.46009572653237,96.61087677671375,90.36945874402643
$585-630,81.8998257021498,83.15528577020937,87.1335376073717,92.71820457965273,81.41859632428398
$630-645,78.51885454725715,81.62447331528534,73.48420890357487,84.39179284814433,62.857655551944916
$645-680,76.99720981240274,81.0278425571344,66.16481311032456,81.13395072128019,53.5268548869691
