School Type,Average Math Score,Average Reading Score,% Passing Math,% Passing Reading,% Overall Passing
Charter,83.47385187384614,83.89642074222549,93.62083003509466,96.58648927302872,90.43224369343227
District,76.95673306832398,80.96663632734915,66.54845257144746,80.79906211395057,53.67220822778149
